<?xml version="1.0" encoding="UTF-8"?>
<main>
  <tableofcontent>Detailed Table of Contents</tableofcontent>
  <MainBookName>Internet of things</MainBookName>
  <Topics>       
    <Content id="1" HeaderContant="chapter 5. UAV networks and M2M Communication"><![CDATA[&nbsp;_ UAV Networks and M2M Communication]]></Content>
    <Path><![CDATA[page_109.html]]></Path>
  </Topics>
  <Topics>
    <Content HeaderContant=""><![CDATA[5.1._ Introduction]]></Content>
    <Path><![CDATA[page_109.html]]></Path>
  </Topics> 
     <Topics>
    <Content HeaderContant=""><![CDATA[5.2._ UAV components]]></Content>
    <Path><![CDATA[page_110.html]]></Path>
  </Topics> 
     <Topics>
    <Content HeaderContant=""><![CDATA[5.3._ UAV Networks]]></Content>
    <Path><![CDATA[page_113.html]]></Path>
  </Topics>
     <Topics>
    <Content HeaderContant=""><![CDATA[5.3.1._ Features]]></Content>
    <Path><![CDATA[page_110.html]]></Path>
  </Topics>
     <Topics>
    <Content HeaderContant=""><![CDATA[5.3.2._ Challenges]]></Content>
    <Path><![CDATA[page_114.html]]></Path>
    </Topics>
    <Topics>
    <Content HeaderContant=""><![CDATA[5.3.3._ Topology]]></Content>
    <Path><![CDATA[page_115.html]]></Path>
    </Topics>
     <Topics>
    <Content HeaderContant=""><![CDATA[FANET]]></Content>
    <Path><![CDATA[page_117.html]]></Path>
    </Topics>
     <Topics>
    <Content HeaderContant=""><![CDATA[5.4.1._ Differences between FANET and the Existing Ad hoc Networks]]></Content>
    <Path><![CDATA[page_117.html]]></Path>
    </Topics>
     <Topics>
    <Content HeaderContant=""><![CDATA[5.4.2._ FANET Design Construction]]></Content>
    <Path><![CDATA[page_120.html]]></Path>
    </Topics>
     <Topics>
    <Content HeaderContant=""><![CDATA[5.4.3._ FANET Communication]]></Content>
    <Path><![CDATA[page_122.html]]></Path>
    </Topics>
    <Topics>
    <Content HeaderContant=""><![CDATA[5.4.4._ Gateway selection in FANET'S]]></Content>
    <Path><![CDATA[page_123.html]]></Path>
    </Topics>
    <Topics>
    <Content HeaderContant=""><![CDATA[5.5._ M2M Communication]]></Content>
    <Path><![CDATA[page_126.html]]></Path>
    </Topics>
    <Topics>
    <Content HeaderContant=""><![CDATA[5.6._ M2M Application]]></Content>
    <Path><![CDATA[page_127.html]]></Path>
    </Topics>
     <Topics>
    <Content HeaderContant=""><![CDATA[5.7._ Type of Node in M2M]]></Content>
    <Path><![CDATA[page_129.html]]></Path>
    </Topics>
     <Topics>
    <Content HeaderContant=""><![CDATA[5.8._ M2M Ecosystem]]></Content>
    <Path><![CDATA[page_130.html]]></Path>
    </Topics>
     <Topics>
    <Content HeaderContant=""><![CDATA[5.9._ M2M Service Platform]]></Content>
    <Path><![CDATA[page_130.html]]></Path>
    </Topics>
     <Topics>
    <Content HeaderContant=""><![CDATA[5.10._ Interoperability]]></Content>
    <Path><![CDATA[page_133.html]]></Path>
    </Topics>
     <Topics>
    <Content HeaderContant=""><![CDATA[5.11._ Need for Interoperability]]></Content>
    <Path><![CDATA[page_133.html]]></Path>
    </Topics>
     <Topics>
    <Content HeaderContant=""><![CDATA[5.12._ Types of Interoperability]]></Content>
    <Path><![CDATA[page_134.html]]></Path>
    </Topics>
     <Topics>
    <Content HeaderContant=""><![CDATA[5.13._ Coclusion]]></Content>
    <Path><![CDATA[page_138.html]]></Path>
    </Topics>
    </main>